{
  "address": "FA:2E:1F:48:66:38",
  "name": "BSK V3 PRO",
  "seconds": 60.0,
  "debounce": 0.65,
  "events": [
    {
      "type": "baseline",
      "at": 0.0,
      "read": {
        "req": 96,
        "status": 2,
        "notifies": [
          "0100000000000003",
          "6024000000000002",
          "0505016400640000000264006400000003640064",
          "00000004640064000000052003200300"
        ],
        "payload": "050501640064000000026400640000000364006400000004640064000000052003200300",
        "dpi": {
          "active_raw": 5,
          "active_index": 4,
          "count": 5,
          "stages": [
            100,
            100,
            100,
            100,
            800
          ],
          "pairs": [
            [
              100,
              100
            ],
            [
              100,
              100
            ],
            [
              100,
              100
            ],
            [
              100,
              100
            ],
            [
              800,
              800
            ]
          ],
          "stage_ids": [
            1,
            2,
            3,
            4,
            5
          ],
          "raw": "050501640064000000026400640000000364006400000004640064000000052003200300"
        }
      }
    },
    {
      "type": "hid",
      "at": 5.0142529010772705,
      "usage_page": 1,
      "usage": 0,
      "hex": "040400000000000000"
    },
    {
      "type": "dpi-read-after-hint",
      "at": 6.180251836776733,
      "trigger": "040400000000000000",
      "elapsed": 1.142982006072998,
      "read": {
        "req": 97,
        "status": 2,
        "notifies": [
          "0100000000000003",
          "6124000000000002",
          "0505016400640000000264006400000003640064",
          "00000004640064000000052003200300"
        ],
        "payload": "050501640064000000026400640000000364006400000004640064000000052003200300",
        "dpi": {
          "active_raw": 5,
          "active_index": 4,
          "count": 5,
          "stages": [
            100,
            100,
            100,
            100,
            800
          ],
          "pairs": [
            [
              100,
              100
            ],
            [
              100,
              100
            ],
            [
              100,
              100
            ],
            [
              100,
              100
            ],
            [
              800,
              800
            ]
          ],
          "stage_ids": [
            1,
            2,
            3,
            4,
            5
          ],
          "raw": "050501640064000000026400640000000364006400000004640064000000052003200300"
        }
      }
    },
    {
      "type": "hid",
      "at": 5.145953178405762,
      "usage_page": 1,
      "usage": 0,
      "hex": "050539000000000000"
    },
    {
      "type": "hid",
      "at": 8.246448755264282,
      "usage_page": 1,
      "usage": 0,
      "hex": "040400000000000000"
    },
    {
      "type": "dpi-read-after-hint",
      "at": 9.417401790618896,
      "trigger": "040400000000000000",
      "elapsed": 1.1468825340270996,
      "read": {
        "req": 98,
        "status": 2,
        "notifies": [
          "0100000000000003",
          "6224000000000002",
          "0505016400640000000264006400000003640064",
          "00000004640064000000052003200300"
        ],
        "payload": "050501640064000000026400640000000364006400000004640064000000052003200300",
        "dpi": {
          "active_raw": 5,
          "active_index": 4,
          "count": 5,
          "stages": [
            100,
            100,
            100,
            100,
            800
          ],
          "pairs": [
            [
              100,
              100
            ],
            [
              100,
              100
            ],
            [
              100,
              100
            ],
            [
              100,
              100
            ],
            [
              800,
              800
            ]
          ],
          "stage_ids": [
            1,
            2,
            3,
            4,
            5
          ],
          "raw": "050501640064000000026400640000000364006400000004640064000000052003200300"
        }
      }
    },
    {
      "type": "hid",
      "at": 8.378527164459229,
      "usage_page": 1,
      "usage": 0,
      "hex": "050539000000000000"
    },
    {
      "type": "hid",
      "at": 13.931823015213013,
      "usage_page": 1,
      "usage": 0,
      "hex": "040400000000000000"
    },
    {
      "type": "dpi-read-after-hint",
      "at": 15.082287311553955,
      "trigger": "040400000000000000",
      "elapsed": 1.1449580192565918,
      "read": {
        "req": 99,
        "status": 2,
        "notifies": [
          "0100000000000003",
          "6324000000000002",
          "0505016400640000000264006400000003640064",
          "00000004640064000000052003200300"
        ],
        "payload": "050501640064000000026400640000000364006400000004640064000000052003200300",
        "dpi": {
          "active_raw": 5,
          "active_index": 4,
          "count": 5,
          "stages": [
            100,
            100,
            100,
            100,
            800
          ],
          "pairs": [
            [
              100,
              100
            ],
            [
              100,
              100
            ],
            [
              100,
              100
            ],
            [
              100,
              100
            ],
            [
              800,
              800
            ]
          ],
          "stage_ids": [
            1,
            2,
            3,
            4,
            5
          ],
          "raw": "050501640064000000026400640000000364006400000004640064000000052003200300"
        }
      }
    },
    {
      "type": "hid",
      "at": 14.063112020492554,
      "usage_page": 1,
      "usage": 0,
      "hex": "050539000000000000"
    }
  ]
}