{
  "address": "FA:2E:1F:48:66:38",
  "start": 1781577012.8198292,
  "before": {
    "label": "before",
    "at": 1781577016.7178001,
    "rows": [
      {
        "key": "0b840100",
        "status": 2,
        "payload": "050501640064000000026400640000000364006400000004640064000000052003200300",
        "dpi": {
          "active_raw": 5,
          "active_index": 4,
          "count": 5,
          "stages": [
            100,
            100,
            100,
            100,
            800
          ],
          "pairs": [
            [
              100,
              100
            ],
            [
              100,
              100
            ],
            [
              100,
              100
            ],
            [
              100,
              100
            ],
            [
              800,
              800
            ]
          ],
          "ids": [
            1,
            2,
            3,
            4,
            5
          ],
          "raw": "050501640064000000026400640000000364006400000004640064000000052003200300"
        }
      },
      {
        "key": "0b840200",
        "status": 2,
        "payload": "020501800c800c000002d827d82700000340064006000004dc1edc1e0000054c044c0400",
        "dpi": {
          "active_raw": 2,
          "active_index": 1,
          "count": 5,
          "stages": [
            3200,
            10200,
            1600,
            7900,
            1100
          ],
          "pairs": [
            [
              3200,
              3200
            ],
            [
              10200,
              10200
            ],
            [
              1600,
              1600
            ],
            [
              7900,
              7900
            ],
            [
              1100,
              1100
            ]
          ],
          "ids": [
            1,
            2,
            3,
            4,
            5
          ],
          "raw": "020501800c800c000002d827d82700000340064006000004dc1edc1e0000054c044c0400"
        }
      },
      {
        "key": "0b840300",
        "status": 2,
        "payload": "050501640064000000026400640000000364006400000004640064000000052003200300",
        "dpi": {
          "active_raw": 5,
          "active_index": 4,
          "count": 5,
          "stages": [
            100,
            100,
            100,
            100,
            800
          ],
          "pairs": [
            [
              100,
              100
            ],
            [
              100,
              100
            ],
            [
              100,
              100
            ],
            [
              100,
              100
            ],
            [
              800,
              800
            ]
          ],
          "ids": [
            1,
            2,
            3,
            4,
            5
          ],
          "raw": "050501640064000000026400640000000364006400000004640064000000052003200300"
        }
      },
      {
        "key": "0b840400",
        "status": 2,
        "payload": "020501900190010000022003200300000340064006000004800c800c0000050019001900",
        "dpi": {
          "active_raw": 2,
          "active_index": 1,
          "count": 5,
          "stages": [
            400,
            800,
            1600,
            3200,
            6400
          ],
          "pairs": [
            [
              400,
              400
            ],
            [
              800,
              800
            ],
            [
              1600,
              1600
            ],
            [
              3200,
              3200
            ],
            [
              6400,
              6400
            ]
          ],
          "ids": [
            1,
            2,
            3,
            4,
            5
          ],
          "raw": "020501900190010000022003200300000340064006000004800c800c0000050019001900"
        }
      },
      {
        "key": "0b840500",
        "status": 2,
        "payload": "020501900190010000022003200300000340064006000004800c800c0000050019001900",
        "dpi": {
          "active_raw": 2,
          "active_index": 1,
          "count": 5,
          "stages": [
            400,
            800,
            1600,
            3200,
            6400
          ],
          "pairs": [
            [
              400,
              400
            ],
            [
              800,
              800
            ],
            [
              1600,
              1600
            ],
            [
              3200,
              3200
            ],
            [
              6400,
              6400
            ]
          ],
          "ids": [
            1,
            2,
            3,
            4,
            5
          ],
          "raw": "020501900190010000022003200300000340064006000004800c800c0000050019001900"
        }
      }
    ]
  },
  "hint": {
    "trigger": null,
    "reports": []
  },
  "after": {
    "label": "after +2s",
    "at": 1781577082.6872873,
    "rows": [
      {
        "key": "0b840100",
        "status": 2,
        "payload": "050501640064000000026400640000000364006400000004640064000000052003200300",
        "dpi": {
          "active_raw": 5,
          "active_index": 4,
          "count": 5,
          "stages": [
            100,
            100,
            100,
            100,
            800
          ],
          "pairs": [
            [
              100,
              100
            ],
            [
              100,
              100
            ],
            [
              100,
              100
            ],
            [
              100,
              100
            ],
            [
              800,
              800
            ]
          ],
          "ids": [
            1,
            2,
            3,
            4,
            5
          ],
          "raw": "050501640064000000026400640000000364006400000004640064000000052003200300"
        }
      },
      {
        "key": "0b840200",
        "status": 2,
        "payload": "020501800c800c000002d827d82700000340064006000004dc1edc1e0000054c044c0400",
        "dpi": {
          "active_raw": 2,
          "active_index": 1,
          "count": 5,
          "stages": [
            3200,
            10200,
            1600,
            7900,
            1100
          ],
          "pairs": [
            [
              3200,
              3200
            ],
            [
              10200,
              10200
            ],
            [
              1600,
              1600
            ],
            [
              7900,
              7900
            ],
            [
              1100,
              1100
            ]
          ],
          "ids": [
            1,
            2,
            3,
            4,
            5
          ],
          "raw": "020501800c800c000002d827d82700000340064006000004dc1edc1e0000054c044c0400"
        }
      },
      {
        "key": "0b840300",
        "status": 2,
        "payload": "050501640064000000026400640000000364006400000004640064000000052003200300",
        "dpi": {
          "active_raw": 5,
          "active_index": 4,
          "count": 5,
          "stages": [
            100,
            100,
            100,
            100,
            800
          ],
          "pairs": [
            [
              100,
              100
            ],
            [
              100,
              100
            ],
            [
              100,
              100
            ],
            [
              100,
              100
            ],
            [
              800,
              800
            ]
          ],
          "ids": [
            1,
            2,
            3,
            4,
            5
          ],
          "raw": "050501640064000000026400640000000364006400000004640064000000052003200300"
        }
      },
      {
        "key": "0b840400",
        "status": 2,